{"cameraMode":{"drawMode":0,"name":"Shaded","section":"Shading Mode"},"sceneLighting":true,"audioPlay":false,"sceneViewState":{"m_AlwaysRefresh":false,"showFog":true,"showSkybox":true,"showFlares":true,"showImageEffects":true,"showParticleSystems":true,"showVisualEffectGraphs":true,"m_FxEnabled":true},"in2DMode":false,"pivot":{"x":-24.442646026611329,"y":1.2359850406646729,"z":-0.3404758870601654},"rotation":{"x":0.10769878327846527,"y":-0.7120077610015869,"z":0.11198311299085617,"w":0.6847671866416931},"size":4.614333152770996,"orthographic":false}