{"cameraMode":{"drawMode":0,"name":"Shaded","section":"Shading Mode"},"sceneLighting":true,"audioPlay":false,"sceneViewState":{"m_AlwaysRefresh":false,"showFog":true,"showSkybox":false,"showFlares":true,"showImageEffects":true,"showParticleSystems":true,"showVisualEffectGraphs":true,"m_FxEnabled":true},"in2DMode":false,"pivot":{"x":-3.056387424468994,"y":3.4250667095184328,"z":9.133049011230469},"rotation":{"x":0.013401072472333908,"y":-0.12119480222463608,"z":0.0016375434352084995,"w":0.9925743937492371},"size":8.922239303588868,"orthographic":false}